-- MySQL dump 10.13  Distrib 8.0.28, for Win64 (x86_64)
--
-- Host: localhost    Database: zuizhong
-- ------------------------------------------------------
-- Server version	8.0.28

/*!40101 SET @OLD_CHARACTER_SET_CLIENT=@@CHARACTER_SET_CLIENT */;
/*!40101 SET @OLD_CHARACTER_SET_RESULTS=@@CHARACTER_SET_RESULTS */;
/*!40101 SET @OLD_COLLATION_CONNECTION=@@COLLATION_CONNECTION */;
/*!50503 SET NAMES utf8mb4 */;
/*!40103 SET @OLD_TIME_ZONE=@@TIME_ZONE */;
/*!40103 SET TIME_ZONE='+00:00' */;
/*!40014 SET @OLD_UNIQUE_CHECKS=@@UNIQUE_CHECKS, UNIQUE_CHECKS=0 */;
/*!40014 SET @OLD_FOREIGN_KEY_CHECKS=@@FOREIGN_KEY_CHECKS, FOREIGN_KEY_CHECKS=0 */;
/*!40101 SET @OLD_SQL_MODE=@@SQL_MODE, SQL_MODE='NO_AUTO_VALUE_ON_ZERO' */;
/*!40111 SET @OLD_SQL_NOTES=@@SQL_NOTES, SQL_NOTES=0 */;

--
-- Table structure for table `goods`
--

DROP TABLE IF EXISTS `goods`;
/*!40101 SET @saved_cs_client     = @@character_set_client */;
/*!50503 SET character_set_client = utf8mb4 */;
CREATE TABLE `goods` (
  `goods_id` char(32) CHARACTER SET utf8 COLLATE utf8_general_ci NOT NULL,
  `goods_type` char(32) CHARACTER SET utf8 COLLATE utf8_general_ci DEFAULT NULL,
  `goods_name` varchar(128) CHARACTER SET utf8 COLLATE utf8_general_ci DEFAULT NULL,
  `goods_weight` double DEFAULT NULL,
  `row_position` int DEFAULT NULL,
  `column_position` int DEFAULT NULL,
  `is_storage` tinyint(1) DEFAULT NULL,
  `goods_image_path` varchar(200) DEFAULT NULL,
  PRIMARY KEY (`goods_id`)
) ENGINE=InnoDB DEFAULT CHARSET=utf8mb3;
/*!40101 SET character_set_client = @saved_cs_client */;

--
-- Dumping data for table `goods`
--

LOCK TABLES `goods` WRITE;
/*!40000 ALTER TABLE `goods` DISABLE KEYS */;
INSERT INTO `goods` VALUES ('1','weapon','Seven Thunders of Retribution: Narukami',NULL,16,13,1,'https://uploadstatic.mihoyo.com/bh3-wiki/2022/06/01/50494840/d7f7f51abcaa2f144e36efae69cb8207_4688365724579963967.png'),('10','material','Glaze Lily',NULL,21,5,1,'https://uploadstatic.mihoyo.com/ys-obc/2020/03/26/…ddfc2f39a71b8f4257001bc78_5463970991839219853.png'),('11','material','Amakumo Fruit',NULL,4,7,1,NULL),('2','weapon','Falcon Flare: FINAL 0019',NULL,11,2,1,'https://uploadstatic.mihoyo.com/bh3-wiki/2021/12/06/50494840/bb5902c67d0e18fdd0478c24d0191cad_1688914031083462259.png'),('3','weapon','Domain of Revelation',NULL,5,3,1,'https://uploadstatic.mihoyo.com/bh3-wiki/2021/09/07/91006211/4eb3fe145a19dca8d70a3718d8093b97_5211454384144986023.png'),('4','weapon','Fenghuang Down',NULL,4,3,1,'https://uploadstatic.mihoyo.com/bh3-wiki/2021/09/07/72350798/f8f7c0425bb46f9c0855c4caa255ec23_3354578464824430256.png'),('5','token','Ancient Legacy',NULL,1,7,1,NULL),('6','token','Einstein\'s Torus',NULL,2,2,1,NULL),('7','special','SC Metal-H2',NULL,8,3,1,NULL),('8','special','Twin Sakura Will',NULL,4,6,1,NULL),('9','material','Cecilia',NULL,9,11,1,NULL),('AC3945','Yellow','Amour',NULL,5,12,1,NULL),('AM2450','Red','Curie',NULL,1,5,1,NULL),('AM5472','Red','Glass',NULL,4,8,1,NULL),('AM6038','Red','Playa',NULL,2,10,1,NULL),('AO3918','Yellow','Worse',NULL,4,17,1,NULL),('AT7107','Yellow','Argon',NULL,2,17,1,NULL),('AU0117','Black','Knave',NULL,1,1,1,NULL),('AW7276','Red','Gouge',NULL,1,1,1,NULL),('AY1541','Red','Hoary',NULL,4,5,1,NULL),('AZ2903','Yellow','Shunt',NULL,4,15,1,NULL),('BA4881','Yellow','Twill',NULL,3,12,1,NULL),('BG5058','Red','Strep',NULL,4,11,1,NULL),('BH5574','Green','Miser',NULL,1,7,1,NULL),('BS3948','Yellow','Duvet',NULL,3,3,1,NULL),('BS6704','Red','Clout',NULL,1,3,1,NULL),('BT2912','Yellow','Green',NULL,3,9,1,NULL),('BU3684','Black','Wench',NULL,1,8,1,NULL),('BX1067','Black','Bandy',NULL,4,10,1,NULL),('CA6992','Yellow','Curia',NULL,1,2,1,NULL),('CC9051','Blue','Inure',NULL,3,1,1,NULL),('CD9359','Green','Geeky',NULL,2,4,1,NULL),('CG7272','Black','Moxie',NULL,4,3,1,NULL),('CH1953','Black','Rummy',NULL,4,5,1,NULL),('CK5840','Red','Kraut',NULL,4,3,1,NULL),('CK6714','Red','Polis',NULL,1,12,1,NULL),('CL1328','Green','Soupy',NULL,5,7,1,NULL),('CN1250','Black','Toddy',NULL,3,5,1,NULL),('CO9300','Yellow','Pater',NULL,4,6,1,NULL),('CP7837','Red','Cured',NULL,2,10,1,NULL),('CP8677','Green','Knife',NULL,2,14,1,NULL),('CP8781','Black','Kooky',NULL,3,6,1,NULL),('CU0725','Green','Verso',NULL,4,2,1,NULL),('CV3119','Red','Sissy',NULL,4,6,1,NULL),('CW0549','Black','Glyph',NULL,4,5,1,NULL),('CW2944','Black','Biddy',NULL,1,9,1,NULL),('CZ1351','Yellow','Monad',NULL,1,2,1,NULL),('DC8314','Yellow','Inlay',NULL,1,7,1,NULL),('DI2591','Green','Towel',NULL,2,18,1,NULL),('DI6124','Yellow','Tweet',NULL,2,2,1,NULL),('DJ4634','Black','Conga',NULL,2,14,1,NULL),('DJ8014','Blue','Staph',NULL,4,6,1,NULL),('DK3832','Black','Clomp',NULL,5,13,1,NULL),('DM1566','Yellow','Adios',NULL,3,12,1,NULL),('DM3710','Green','Hunky',NULL,2,2,1,NULL),('DN8515','Green','Mufti',NULL,3,5,1,NULL),('DZ4026','Black','Apace',NULL,2,17,1,NULL),('DZ8311','Black','Prima',NULL,3,3,1,NULL),('EC5770','Yellow','Crack',NULL,3,10,1,NULL),('EC9856','Green','Belch',NULL,2,16,1,NULL),('ED0893','Green','Luger',NULL,1,7,1,NULL),('ED3407','Yellow','Nobly',NULL,4,12,1,NULL),('ED6421','Yellow','Nerve',NULL,4,3,1,NULL),('EE5774','Black','Matzo',NULL,3,14,1,NULL),('EF2104','Black','Goner',NULL,3,10,1,NULL),('EF5176','Green','Stave',NULL,4,3,1,NULL),('EF5280','Yellow','Pique',NULL,4,10,1,NULL),('EF7372','Yellow','Olden',NULL,1,5,1,NULL),('EK8983','Green','Thunk',NULL,3,4,1,NULL),('EL0013','Green','Syrah',NULL,3,3,1,NULL),('EL5141','Black','Sisal',NULL,1,13,1,NULL),('EQ3450','Black','Pasty',NULL,3,19,1,NULL),('ES9419','Green','Attic',NULL,2,8,1,NULL),('ET0421','Blue','Waltz',NULL,3,9,1,NULL),('EU9207','Yellow','Koala',NULL,1,17,1,NULL),('EV0061','Yellow','Inter',NULL,2,10,1,NULL),('EW1750','Red','Swami',NULL,2,7,1,NULL),('EW7258','Red','Sarge',NULL,1,3,1,NULL),('EY1322','Blue','Clack',NULL,2,7,1,NULL),('FA1542','Red','Rayon',NULL,1,1,1,NULL),('FK6938','Black','Brawl',NULL,3,12,1,NULL),('FM1486','Blue','Ascot',NULL,1,3,1,NULL),('FM9344','Red','Chump',NULL,2,6,1,NULL),('FN5431','Green','Twine',NULL,2,5,1,NULL),('FS0454','Blue','Ennui',NULL,4,17,1,NULL),('FU5832','Yellow','Blurb',NULL,1,9,1,NULL),('FV3307','Green','Latke',NULL,1,5,1,NULL),('FY6623','Green','Pokey',NULL,1,5,1,NULL),('GE2930','Yellow','Taupe',NULL,3,3,1,NULL),('GG1685','Black','Droll',NULL,1,4,1,NULL),('GH8095','Blue','Rondo',NULL,1,7,1,NULL),('GI7132','Green','Harpy',NULL,5,7,1,NULL),('GL2908','Red','Hosta',NULL,1,12,1,NULL),('GR3074','Yellow','Spare',NULL,3,9,1,NULL),('GT0972','Green','Crimp',NULL,2,6,1,NULL),('GU7873','Green','Hydra',NULL,5,5,1,NULL),('GV1574','Red','Feint',NULL,4,2,1,NULL),('GX3440','Blue','Busty',NULL,4,5,1,NULL),('GY6978','Blue','Faxed',NULL,3,6,1,NULL),('GZ0781','Green','Amity',NULL,1,16,1,NULL),('HC2452','Green','Taffy',NULL,3,4,1,NULL),('HC3552','Yellow','Sunup',NULL,2,5,1,NULL),('HE3644','Green','Spoof',NULL,3,7,1,NULL),('HF2341','Yellow','Adder',NULL,2,6,1,NULL),('HF7645','Blue','Ocher',NULL,1,7,1,NULL),('HG2831','Red','Malay',NULL,1,9,1,NULL),('HG4542','Yellow','Nappy',NULL,4,2,1,NULL),('HH4220','Red','Scrim',NULL,5,14,1,NULL),('HN2282','Black','Trill',NULL,2,16,1,NULL),('HO6532','Green','Fruit',NULL,4,6,1,NULL),('HU9498','Blue','Boggy',NULL,3,7,1,NULL),('IE9134','Black','Floss',NULL,1,6,1,NULL),('IH1040','Green','Vulva',NULL,1,5,1,NULL),('IJ8761','Blue','Thine',NULL,1,11,1,NULL),('IJ9396','Red','Guile',NULL,3,3,1,NULL),('IK7014','Green','Goody',NULL,3,2,1,NULL),('IM2433','Blue','Plane',NULL,4,12,1,NULL),('IN1597','Black','Seamy',NULL,1,4,1,NULL),('IN7015','Black','Blitz',NULL,2,7,1,NULL),('IP3849','Green','Swish',NULL,2,10,1,NULL),('IQ5356','Red','Hanky',NULL,2,2,1,NULL),('IQ5971','Black','Tubal',NULL,3,5,1,NULL),('IU3412','Black','Froth',NULL,4,2,1,NULL),('IV9942','Blue','Elven',NULL,2,8,1,NULL),('IX0313','Black','Croak',NULL,1,20,1,NULL),('IX9683','Black','Aunty',NULL,2,6,1,NULL),('IZ8255','Red','Decaf',NULL,2,6,1,NULL),('JA3211','Green','Curio',NULL,4,12,1,NULL),('JC0989','Red','Twirl',NULL,4,2,1,NULL),('JF0814','Red','Delft',NULL,5,3,1,NULL),('JO4677','Black','Peppy',NULL,2,9,1,NULL),('JT5332','Black','Blare',NULL,3,2,1,NULL),('JW3036','Green','Ready',NULL,1,14,1,NULL),('JX4088','Red','Recon',NULL,1,2,1,NULL),('KC1848','Blue','Boyar',NULL,1,19,1,NULL),('KE7581','Red','Dirty',NULL,2,4,1,NULL),('KH5076','Green','Snipe',NULL,2,2,1,NULL),('KK4992','Red','Mayan',NULL,4,11,1,NULL),('KK6618','Yellow','Phlox',NULL,1,11,1,NULL),('KL7444','Green','Elect',NULL,2,14,1,NULL),('KM7712','Black','Queer',NULL,5,6,1,NULL),('KQ5389','Blue','Primp',NULL,3,10,1,NULL),('KS7267','Yellow','Expat',NULL,5,6,1,NULL),('KS7783','Yellow','Tarot',NULL,3,2,1,NULL),('KX2538','Blue','Stela',NULL,1,4,1,NULL),('KY9589','Green','Minty',NULL,1,2,1,NULL),('LB8017','Yellow','Titan',NULL,2,2,1,NULL),('LC5351','Yellow','Reify',NULL,2,18,1,NULL),('LD7665','Red','Dinky',NULL,1,2,1,NULL),('LF1152','Black','Sedge',NULL,2,3,1,NULL),('LH2825','Yellow','Bleep',NULL,1,5,1,NULL),('LK3785','Blue','Reset',NULL,4,15,1,NULL),('LK7534','Yellow','Copse',NULL,2,11,1,NULL),('LK8109','Green','Augur',NULL,1,8,1,NULL),('LL6486','Red','Thrum',NULL,2,8,1,NULL),('LN5325','Yellow','Borer',NULL,3,12,1,NULL),('LQ3168','Yellow','Maser',NULL,3,8,1,NULL),('LR5509','Yellow','Lemur',NULL,3,5,1,NULL),('LS4076','Red','Unsay',NULL,1,17,1,NULL),('LW7895','Green','Mylar',NULL,2,10,1,NULL),('LY9651','Green','Foamy',NULL,2,1,1,NULL),('MA8274','Red','Frizz',NULL,5,10,1,NULL),('MB6335','Green','Muddy',NULL,2,5,1,NULL),('MD0373','Green','Manta',NULL,2,7,1,NULL),('ME2455','Red','Bilge',NULL,1,7,1,NULL),('ME2841','Green','Trend',NULL,2,11,1,NULL),('MH6012','Blue','Krill',NULL,3,4,1,NULL),('MJ6886','Green','Weary',NULL,2,5,1,NULL),('MM3671','Black','Lever',NULL,4,8,1,NULL),('MN8088','Black','Fetid',NULL,2,12,1,NULL),('MT9538','Green','Balky',NULL,1,12,1,NULL),('MU1117','Yellow','Aorta',NULL,4,18,1,NULL),('MX0190','Red','Geode',NULL,1,9,1,NULL),('MX8351','Yellow','Hyper',NULL,1,9,1,NULL),('MY9157','Green','Spool',NULL,1,7,1,NULL),('NA2780','Yellow','Divot',NULL,2,2,1,NULL),('NC3988','Red','Hindi',NULL,1,4,1,NULL),('NF6033','Yellow','Adept',NULL,2,6,1,NULL),('NF6342','Blue','Butch',NULL,2,6,1,NULL),('NK6291','Green','Retry',NULL,2,2,1,NULL),('NQ1892','Black','Nerdy',NULL,1,3,1,NULL),('OB7621','Blue','Ingot',NULL,3,1,1,NULL),('OE1657','Yellow','Stomp',NULL,3,6,1,NULL),('OJ6498','Blue','Coven',NULL,5,1,1,NULL),('OJ8626','Red','Owned',NULL,3,14,1,NULL),('OK8198','Blue','Reedy',NULL,2,15,1,NULL),('ON3951','Red','Sugar',NULL,4,15,1,NULL),('OO1640','Green','Cress',NULL,3,16,1,NULL),('OQ2143','Red','Udder',NULL,1,8,1,NULL),('OS1214','Blue','Whiny',NULL,4,7,1,NULL),('OW2363','Red','Graph',NULL,2,10,1,NULL),('OW4902','Blue','Briny',NULL,2,15,1,NULL),('PA5620','Black','Shush',NULL,1,13,1,NULL),('PB7733','Green','Shush',NULL,3,9,1,NULL),('PC6707','Red','Pasty',NULL,1,6,1,NULL),('PH4094','Yellow','Quail',NULL,1,2,1,NULL),('PJ2975','Black','Agate',NULL,1,18,1,NULL),('PK5391','Black','Truss',NULL,3,8,1,NULL),('PN2324','Yellow','Yesno',NULL,1,8,1,NULL),('PO6071','Red','Creel',NULL,3,17,1,NULL),('PR3995','Green','Parry',NULL,2,3,1,NULL),('PS0483','Blue','Enema',NULL,1,5,1,NULL),('PS2119','Green','Telly',NULL,4,16,1,NULL),('PW7137','Black','Fused',NULL,1,6,1,NULL),('PY7068','Green','Dirge',NULL,3,5,1,NULL),('PZ2682','Red','Bowed',NULL,3,12,1,NULL),('QC0705','Green','Blase',NULL,2,1,1,NULL),('QC2551','Green','Prion',NULL,1,6,1,NULL),('QH4679','Black','Spunk',NULL,3,4,1,NULL),('QK6275','Black','Buxom',NULL,2,1,1,NULL),('QK8898','Yellow','Rangy',NULL,1,7,1,NULL),('QL1595','Green','Downy',NULL,1,4,1,NULL),('QM2640','Blue','Gusty',NULL,3,4,1,NULL),('QN2509','Yellow','Clown',NULL,1,14,1,NULL),('QN3410','Yellow','Aerie',NULL,2,16,1,NULL),('QO8928','Black','Bebop',NULL,1,1,1,NULL),('QR1790','Green','Pinon',NULL,3,4,1,NULL),('QR9617','Red','Sutra',NULL,1,3,1,NULL),('QU3945','Red','Gruel',NULL,2,7,1,NULL),('QZ7315','Black','Ritzy',NULL,1,7,1,NULL),('RA9903','Green','Tween',NULL,3,3,1,NULL),('RC1423','Blue','Natal',NULL,2,1,1,NULL),('RE7427','Red','Caulk',NULL,2,12,1,NULL),('RH9720','Green','Spica',NULL,2,3,1,NULL),('RI8748','Yellow','Sappy',NULL,3,3,1,NULL),('RK7915','Red','Potty',NULL,4,11,1,NULL),('RP3198','Black','Pilaf',NULL,1,12,1,NULL),('RQ4192','Red','Zippy',NULL,1,6,1,NULL),('RT6482','Blue','Knell',NULL,4,1,1,NULL),('RZ2217','Blue','Zesty',NULL,1,9,1,NULL),('SJ8733','Green','Refit',NULL,5,16,1,NULL),('SK8234','Black','Teary',NULL,2,12,1,NULL),('SN3958','Black','Lorry',NULL,3,6,1,NULL),('SO1214','Yellow','Segue',NULL,1,3,1,NULL),('SP7955','Black','Stray',NULL,1,10,1,NULL),('SR3411','Green','Quack',NULL,1,10,1,NULL),('SR6378','Yellow','Glute',NULL,2,2,1,NULL),('ST0286','Blue','Summa',NULL,2,8,1,NULL),('SW0511','Blue','Splat',NULL,2,5,1,NULL),('SW8230','Black','Ionic',NULL,4,7,1,NULL),('SY4865','Blue','Daunt',NULL,2,3,1,NULL),('SZ6245','Yellow','Peeve',NULL,4,4,1,NULL),('TB9800','Green','Foist',NULL,2,2,1,NULL),('TF9034','Blue','Bitty',NULL,4,15,1,NULL),('TI3384','Black','Scots',NULL,3,1,1,NULL),('TO2340','Red','Sumac',NULL,3,13,1,NULL),('TP0838','Blue','Slack',NULL,3,4,1,NULL),('TR0955','Yellow','Filmy',NULL,3,11,1,NULL),('TY7702','Black','Biome',NULL,3,7,1,NULL),('UB6356','Black','Kitty',NULL,2,6,1,NULL),('UC0559','Blue','Imago',NULL,2,19,1,NULL),('UG3027','Red','Tweet',NULL,2,5,1,NULL),('UH1989','Yellow','Rebbe',NULL,1,13,1,NULL),('UL5905','Blue','Artsy',NULL,5,2,1,NULL),('UP2183','Red','Thrum',NULL,1,8,1,NULL),('US1031','Black','Genet',NULL,2,2,1,NULL),('UU5079','Yellow','Boron',NULL,3,10,1,NULL),('UV4462','Red','Humus',NULL,1,9,1,NULL),('UV8394','Green','Stint',NULL,5,5,1,NULL),('UX8984','Blue','FALSE',NULL,4,10,1,NULL),('UY0289','Yellow','Remix',NULL,5,1,1,NULL),('VA1200','Black','Deuce',NULL,3,15,1,NULL),('VB5560','Green','Manga',NULL,2,1,1,NULL),('VF4313','Red','Scalp',NULL,2,14,1,NULL),('VG2952','Black','Swoon',NULL,4,3,1,NULL),('VK3921','Green','Caulk',NULL,3,11,1,NULL),('VQ2520','Red','Ejido',NULL,2,9,1,NULL),('VR6630','Yellow','Plait',NULL,3,13,1,NULL),('VR9818','Red','Talus',NULL,2,13,1,NULL),('VU7881','Red','Bugle',NULL,2,4,1,NULL),('VX1558','Red','Nodal',NULL,4,5,1,NULL),('VX9769','Red','Leggy',NULL,3,2,1,NULL),('VZ1476','Red','Sarin',NULL,2,2,1,NULL),('WA5925','Blue','Dingo',NULL,2,17,1,NULL),('WA6176','Yellow','Vapid',NULL,4,4,1,NULL),('WG5441','Black','Adobo',NULL,1,5,1,NULL),('WI0126','Black','Balsa',NULL,3,2,1,NULL),('WK6290','Blue','Girly',NULL,3,7,1,NULL),('WK9295','Blue','Dinar',NULL,2,2,1,NULL),('WK9314','Yellow','Rogue',NULL,1,6,1,NULL),('WP5444','Yellow','Canna',NULL,3,1,1,NULL),('WQ4279','Red','Miter',NULL,2,15,1,NULL),('WR1534','Yellow','Logon',NULL,2,4,1,NULL),('WS1551','Red','Chaff',NULL,3,1,1,NULL),('WT7581','Blue','Nisei',NULL,4,3,1,NULL),('XF1817','Red','Bandy',NULL,4,4,1,NULL),('XI6453','Blue','Plate',NULL,2,9,1,NULL),('XN3585','Green','Mangy',NULL,1,4,1,NULL),('XO1862','Black','Tardy',NULL,2,1,1,NULL),('XO3649','Yellow','Musky',NULL,1,2,1,NULL),('XR8386','Black','Anima',NULL,2,8,1,NULL),('XV0935','Yellow','Shire',NULL,5,11,1,NULL),('XV9182','Blue','Quack',NULL,3,14,1,NULL),('XX3337','Red','Paean',NULL,1,3,1,NULL),('XZ3188','Green','Stark',NULL,1,9,1,NULL),('YC8186','Yellow','Henna',NULL,5,2,1,NULL),('YC9135','Blue','Admin',NULL,3,7,1,NULL),('YG4946','Blue','Stile',NULL,3,10,1,NULL),('YI6708','Blue','Calve',NULL,1,12,1,NULL),('YK0514','Yellow','Idyll',NULL,4,4,1,NULL),('YN8227','Yellow','Clank',NULL,5,6,1,NULL),('YT7191','Green','Muley',NULL,4,9,1,NULL),('YU5527','Green','Cagey',NULL,1,8,1,NULL),('ZC5680','Green','Aioli',NULL,3,4,1,NULL),('ZD6667','Yellow','Ficus',NULL,3,6,1,NULL),('ZJ8730','Blue','Cairn',NULL,1,12,1,NULL),('ZK2394','Blue','Blank',NULL,2,12,1,NULL),('ZO3400','Blue','Dacha',NULL,2,16,1,NULL),('ZO6365','Green','Tenon',NULL,2,5,1,NULL),('ZP9246','Green','Mimic',NULL,2,5,1,NULL),('ZR9830','Green','Dowdy',NULL,1,16,1,NULL);
/*!40000 ALTER TABLE `goods` ENABLE KEYS */;
UNLOCK TABLES;

--
-- Table structure for table `manager`
--

DROP TABLE IF EXISTS `manager`;
/*!40101 SET @saved_cs_client     = @@character_set_client */;
/*!50503 SET character_set_client = utf8mb4 */;
CREATE TABLE `manager` (
  `manager_id` int NOT NULL AUTO_INCREMENT COMMENT 'The ID of the manager account.',
  `manager_password` varchar(100) CHARACTER SET utf8 COLLATE utf8_general_ci NOT NULL DEFAULT '123456' COMMENT 'The password of the manager account.',
  `manager_name` varchar(100) CHARACTER SET utf8 COLLATE utf8_general_ci NOT NULL DEFAULT 'Manager' COMMENT 'The username (name) of the manager account.',
  `manager_power` int NOT NULL DEFAULT '1' COMMENT 'The system power of the manager account',
  `manager_birthday` date DEFAULT NULL,
  `manager_gender` varchar(16) DEFAULT NULL,
  `manager_description` varchar(128) DEFAULT NULL,
  `manager_avatar` varchar(200) DEFAULT NULL,
  PRIMARY KEY (`manager_id`)
) ENGINE=InnoDB AUTO_INCREMENT=4 DEFAULT CHARSET=utf8mb3;
/*!40101 SET character_set_client = @saved_cs_client */;

--
-- Dumping data for table `manager`
--

LOCK TABLES `manager` WRITE;
/*!40000 ALTER TABLE `manager` DISABLE KEYS */;
INSERT INTO `manager` VALUES (1,'123456','Josh',1,'2022-01-23','male','aaaaaa','https://upload-bbs.mihoyo.com/upload/2022/10/11/79886929/f2cef2da4d4d482be2de6a79dea418d8_4679347854352903607.jpg?x-oss-process=image/resize,s_600/quality,q_80/auto-orient,0/interlace,1/format,jpg'),(2,'123','Tom',0,NULL,'male','个人信息展示网站响应式模板HTML+CSS+JavaScript。主要包括的页面有HOME,ABOUT,MOVIE,SPORTS,TRAVEL,SINGLE,CONTACT等总共7个页面。','https://uploadstatic.mihoyo.com/bh3-wiki/2022/08/02/264755623/687c941513a8a39dd352f83ba8589023_4679549929451567579.png'),(3,'abc','Ming',1,NULL,'female','QMplus disruption on Tuesday 18th October between 9pm and 11pm BST Please be aware that there will be some','https://upload-bbs.mihoyo.com/upload/2022/10/18/22740605/8ef8f60237188fc72007298d5bc25897_3932678233459372214.jpg?x-oss-process=image/resize,s_600/quality,q_80/auto-orient,0/interlace,1/format,jpg');
/*!40000 ALTER TABLE `manager` ENABLE KEYS */;
UNLOCK TABLES;

--
-- Table structure for table `out_storage`
--

DROP TABLE IF EXISTS `out_storage`;
/*!40101 SET @saved_cs_client     = @@character_set_client */;
/*!50503 SET character_set_client = utf8mb4 */;
CREATE TABLE `out_storage` (
  `goods_id` char(32) CHARACTER SET utf8 COLLATE utf8_general_ci NOT NULL,
  `shelf_id` char(32) CHARACTER SET utf8 COLLATE utf8_general_ci NOT NULL,
  `time_take_out` time DEFAULT NULL,
  `worker_id` int DEFAULT NULL,
  `floor_position` int DEFAULT NULL,
  `coloum_position` int DEFAULT NULL,
  PRIMARY KEY (`goods_id`,`shelf_id`),
  KEY `shelf_id` (`shelf_id`)
) ENGINE=InnoDB DEFAULT CHARSET=utf8mb3;
/*!40101 SET character_set_client = @saved_cs_client */;

--
-- Dumping data for table `out_storage`
--

LOCK TABLES `out_storage` WRITE;
/*!40000 ALTER TABLE `out_storage` DISABLE KEYS */;
/*!40000 ALTER TABLE `out_storage` ENABLE KEYS */;
UNLOCK TABLES;

--
-- Table structure for table `shelf`
--

DROP TABLE IF EXISTS `shelf`;
/*!40101 SET @saved_cs_client     = @@character_set_client */;
/*!50503 SET character_set_client = utf8mb4 */;
CREATE TABLE `shelf` (
  `shelf_id` char(32) NOT NULL,
  `warehouse_id` int DEFAULT NULL,
  `position_code` int DEFAULT NULL,
  `worker_id` int DEFAULT NULL,
  `row_num` int DEFAULT NULL,
  `column_num` int DEFAULT NULL,
  `Occupancy_rate` double(10,0) DEFAULT NULL,
  PRIMARY KEY (`shelf_id`),
  KEY `warehouse_id` (`warehouse_id`),
  KEY `worker_id` (`worker_id`) USING BTREE
) ENGINE=InnoDB DEFAULT CHARSET=utf8mb3;
/*!40101 SET character_set_client = @saved_cs_client */;

--
-- Dumping data for table `shelf`
--

LOCK TABLES `shelf` WRITE;
/*!40000 ALTER TABLE `shelf` DISABLE KEYS */;
INSERT INTO `shelf` VALUES ('1',1,1,1,1,1,1),('2',1,2,1,1,2,1),('3',2,3,1,2,1,0),('4',3,4,2,2,2,0),('S101',10,1,2020215119,1,1,NULL),('S102',10,2,2020215119,3,3,NULL),('S11',1,1,2020215117,1,1,NULL),('S111',11,1,2020215120,2,2,NULL),('S112',11,2,2020215120,2,17,NULL),('S113',11,3,2020215120,1,1,NULL),('S114',11,4,2020215120,4,16,NULL),('S12',1,2,2020215117,2,8,NULL),('S121',12,1,2020215120,2,2,NULL),('S122',12,2,2020215120,3,7,NULL),('S123',12,3,2020215120,3,3,NULL),('S13',1,3,2020215117,2,2,NULL),('S131',13,1,2020215120,2,19,NULL),('S132',13,2,2020215120,1,1,NULL),('S141',14,1,2020215121,5,13,NULL),('S142',14,2,2020215121,2,2,NULL),('S143',14,3,2020215121,3,20,NULL),('S151',15,1,2020215121,3,3,NULL),('S152',15,2,2020215121,1,15,NULL),('S161',16,1,2020215121,1,1,NULL),('S162',16,2,2020215121,4,12,NULL),('S163',16,3,2020215121,2,2,NULL),('S171',17,1,2020215122,3,14,NULL),('S172',17,2,2020215122,3,3,NULL),('S173',17,3,2020215122,4,5,NULL),('S174',17,4,2020215122,4,4,NULL),('S181',18,1,2020215122,2,12,NULL),('S182',18,2,2020215122,1,1,NULL),('S183',18,3,2020215122,4,9,NULL),('S191',19,1,2020215122,2,2,NULL),('S192',19,2,2020215122,3,5,NULL),('S201',20,1,2020215122,1,1,NULL),('S202',20,2,2020215122,3,18,NULL),('S203',20,3,2020215122,2,2,NULL),('S21',2,1,2020215117,5,1,NULL),('S22',2,2,2020215117,3,3,NULL),('S31',3,1,2020215117,5,5,NULL),('S32',3,2,2020215117,1,1,NULL),('S33',3,3,2020215117,4,19,NULL),('S41',4,1,2020215117,2,2,NULL),('S42',4,2,2020215117,3,5,NULL),('S51',5,1,2020215118,1,1,NULL),('S52',5,2,2020215118,1,6,NULL),('S61',6,1,2020215118,2,2,NULL),('S62',6,2,2020215118,2,8,NULL),('S71',7,1,2020215118,3,3,NULL),('S72',7,2,2020215118,2,12,NULL),('S73',7,3,2020215118,1,1,NULL),('S81',8,1,2020215119,1,3,NULL),('S82',8,2,2020215119,2,2,NULL),('S83',8,3,2020215119,3,17,NULL),('S91',9,1,2020215119,1,1,NULL),('S92',9,2,2020215119,2,5,NULL),('S93',9,3,2020215119,2,2,NULL),('S94',9,4,2020215119,3,14,NULL);
/*!40000 ALTER TABLE `shelf` ENABLE KEYS */;
UNLOCK TABLES;

--
-- Table structure for table `storage`
--

DROP TABLE IF EXISTS `storage`;
/*!40101 SET @saved_cs_client     = @@character_set_client */;
/*!50503 SET character_set_client = utf8mb4 */;
CREATE TABLE `storage` (
  `goods_id` char(32) NOT NULL,
  `shelf_id` char(32) NOT NULL,
  `time_put_in` datetime DEFAULT NULL,
  `worker_id` int DEFAULT NULL,
  `row_position` int DEFAULT NULL,
  `coloum_position` int DEFAULT NULL,
  PRIMARY KEY (`goods_id`,`shelf_id`),
  KEY `shelf_id` (`shelf_id`)
) ENGINE=InnoDB DEFAULT CHARSET=utf8mb3;
/*!40101 SET character_set_client = @saved_cs_client */;

--
-- Dumping data for table `storage`
--

LOCK TABLES `storage` WRITE;
/*!40000 ALTER TABLE `storage` DISABLE KEYS */;
INSERT INTO `storage` VALUES ('1','1','2022-01-25 13:59:59',1,1,1),('2','1','2022-01-25 13:59:59',1,1,2),('3','1','2022-01-25 13:59:59',2,2,1),('4','2','2022-01-25 13:59:59',1,1,3),('5','3','2022-01-25 13:59:59',1,2,3),('6','3','2022-01-25 13:59:59',2,4,2),('7','4','2022-01-25 13:59:59',3,5,1),('8','4','2022-01-25 13:59:59',4,3,7),('AC3945','S92','2022-07-26 00:00:00',2020215119,5,12),('AM2450','S61','2022-07-27 00:00:00',2020215118,1,5),('AM5472','S72','2022-07-17 00:00:00',2020215118,4,8),('AM6038','S21','2022-07-22 00:00:00',2020215117,2,10),('AO3918','S21','2022-07-21 00:00:00',2020215117,4,17),('AT7107','S21','2022-07-26 00:00:00',2020215117,2,17),('AU0117','S93','2022-07-29 00:00:00',2020215119,1,1),('AW7276','S32','2022-07-17 00:00:00',2020215117,1,1),('AY1541','S62','2022-07-17 00:00:00',2020215118,4,5),('AZ2903','S32','2022-07-16 00:00:00',2020215117,4,15),('BA4881','S82','2022-07-26 00:00:00',2020215119,3,12),('BG5058','S42','2022-07-17 00:00:00',2020215117,4,11),('BH5574','S73','2022-07-28 00:00:00',2020215118,1,7),('BS3948','S51','2022-07-16 00:00:00',2020215118,3,3),('BS6704','S94','2022-07-22 00:00:00',2020215119,1,3),('BT2912','S94','2022-07-21 00:00:00',2020215119,3,9),('BU3684','S61','2022-07-19 00:00:00',2020215118,1,8),('BX1067','S32','2022-07-24 00:00:00',2020215117,4,10),('CA6992','S93','2022-07-21 00:00:00',2020215119,1,2),('CC9051','S94','2022-07-15 00:00:00',2020215119,3,1),('CD9359','S61','2022-07-23 00:00:00',2020215118,2,4),('CG7272','S81','2022-07-29 00:00:00',2020215119,4,3),('CH1953','S93','2022-07-19 00:00:00',2020215119,4,5),('CK5840','S93','2022-07-22 00:00:00',2020215119,4,3),('CK6714','S62','2022-07-17 00:00:00',2020215118,1,12),('CL1328','S92','2022-07-23 00:00:00',2020215119,5,7),('CN1250','S22','2022-07-29 00:00:00',2020215117,3,5),('CO9300','S42','2022-07-21 00:00:00',2020215117,4,6),('CP7837','S42','2022-07-22 00:00:00',2020215117,2,10),('CP8677','S21','2022-07-23 00:00:00',2020215117,2,14),('CP8781','S72','2022-07-19 00:00:00',2020215118,3,6),('CU0725','S72','2022-07-23 00:00:00',2020215118,4,2),('CV3119','S81','2022-07-17 00:00:00',2020215119,4,6),('CW0549','S92','2022-07-24 00:00:00',2020215119,4,5),('CW2944','S82','2022-07-19 00:00:00',2020215119,1,9),('CZ1351','S61','2022-07-26 00:00:00',2020215118,1,2),('DC8314','S32','2022-07-21 00:00:00',2020215117,1,7),('DI2591','S42','2022-07-23 00:00:00',2020215117,2,18),('DI6124','S21','2022-07-21 00:00:00',2020215117,2,2),('DJ4634','S81','2022-07-19 00:00:00',2020215119,2,14),('DJ8014','S61','2022-07-15 00:00:00',2020215118,4,6),('DK3832','S81','2022-07-24 00:00:00',2020215119,5,13),('DM1566','S62','2022-07-21 00:00:00',2020215118,3,12),('DM3710','S32','2022-07-28 00:00:00',2020215117,2,2),('DN8515','S92','2022-07-18 00:00:00',2020215119,3,5),('DZ4026','S32','2022-07-19 00:00:00',2020215117,2,17),('DZ8311','S93','2022-07-29 00:00:00',2020215119,3,3),('EC5770','S32','2022-07-26 00:00:00',2020215117,3,10),('EC9856','S81','2022-07-18 00:00:00',2020215119,2,16),('ED0893','S62','2022-07-18 00:00:00',2020215118,1,7),('ED3407','S92','2022-07-26 00:00:00',2020215119,4,12),('ED6421','S92','2022-07-16 00:00:00',2020215119,4,3),('EE5774','S32','2022-07-24 00:00:00',2020215117,3,14),('EF2104','S92','2022-07-29 00:00:00',2020215119,3,10),('EF5176','S51','2022-07-18 00:00:00',2020215118,4,3),('EF5280','S42','2022-07-26 00:00:00',2020215117,4,10),('EF7372','S21','2022-07-21 00:00:00',2020215117,1,5),('EK8983','S72','2022-07-23 00:00:00',2020215118,3,4),('EL0013','S94','2022-07-28 00:00:00',2020215119,3,3),('EL5141','S102','2022-07-29 00:00:00',2020215119,1,13),('EQ3450','S32','2022-07-24 00:00:00',2020215117,3,19),('ES9419','S21','2022-07-28 00:00:00',2020215117,2,8),('ET0421','S81','2022-07-20 00:00:00',2020215119,3,9),('EU9207','S32','2022-07-21 00:00:00',2020215117,1,17),('EV0061','S13','2022-07-16 00:00:00',2020215117,2,10),('EW1750','S92','2022-07-17 00:00:00',2020215119,2,7),('EW7258','S82','2022-07-22 00:00:00',2020215119,1,3),('EY1322','S42','2022-07-15 00:00:00',2020215117,2,7),('FA1542','S21','2022-07-27 00:00:00',2020215117,1,1),('FK6938','S61','2022-07-29 00:00:00',2020215118,3,12),('FM1486','S72','2022-07-15 00:00:00',2020215118,1,3),('FM9344','S13','2022-07-27 00:00:00',2020215117,2,6),('FN5431','S13','2022-07-18 00:00:00',2020215117,2,5),('FS0454','S32','2022-07-25 00:00:00',2020215117,4,17),('FU5832','S33','2022-07-26 00:00:00',2020215117,1,9),('FV3307','S92','2022-07-23 00:00:00',2020215119,1,5),('FY6623','S71','2022-07-18 00:00:00',2020215118,1,5),('GE2930','S32','2022-07-16 00:00:00',2020215117,3,3),('GG1685','S13','2022-07-29 00:00:00',2020215117,1,4),('GH8095','S94','2022-07-25 00:00:00',2020215119,1,7),('GI7132','S81','2022-07-28 00:00:00',2020215119,5,7),('GL2908','S42','2022-07-17 00:00:00',2020215117,1,12),('GR3074','S32','2022-07-26 00:00:00',2020215117,3,9),('GT0972','S82','2022-07-23 00:00:00',2020215119,2,6),('GU7873','S92','2022-07-28 00:00:00',2020215119,5,5),('GV1574','S93','2022-07-17 00:00:00',2020215119,4,2),('GX3440','S32','2022-07-20 00:00:00',2020215117,4,5),('GY6978','S62','2022-07-25 00:00:00',2020215118,3,6),('GZ0781','S21','2022-07-23 00:00:00',2020215117,1,16),('HC2452','S71','2022-07-18 00:00:00',2020215118,3,4),('HC3552','S42','2022-07-21 00:00:00',2020215117,2,5),('HE3644','S73','2022-07-18 00:00:00',2020215118,3,7),('HF2341','S71','2022-07-16 00:00:00',2020215118,2,6),('HF7645','S51','2022-07-25 00:00:00',2020215118,1,7),('HG2831','S91','2022-07-27 00:00:00',2020215119,1,9),('HG4542','S51','2022-07-26 00:00:00',2020215118,4,2),('HH4220','S81','2022-07-27 00:00:00',2020215119,5,14),('HN2282','S21','2022-07-24 00:00:00',2020215117,2,16),('HO6532','S32','2022-07-23 00:00:00',2020215117,4,6),('HU9498','S94','2022-07-25 00:00:00',2020215119,3,7),('IE9134','S41','2022-07-19 00:00:00',2020215117,1,6),('IH1040','S91','2022-07-28 00:00:00',2020215119,1,5),('IJ8761','S81','2022-07-15 00:00:00',2020215119,1,11),('IJ9396','S22','2022-07-22 00:00:00',2020215117,3,3),('IK7014','S61','2022-07-18 00:00:00',2020215118,3,2),('IM2433','S51','2022-07-20 00:00:00',2020215118,4,12),('IN1597','S92','2022-07-24 00:00:00',2020215119,1,4),('IN7015','S94','2022-07-24 00:00:00',2020215119,2,7),('IP3849','S32','2022-07-23 00:00:00',2020215117,2,10),('IQ5356','S51','2022-07-22 00:00:00',2020215118,2,2),('IQ5971','S102','2022-07-29 00:00:00',2020215119,3,5),('IU3412','S81','2022-07-19 00:00:00',2020215119,4,2),('IV9942','S92','2022-07-15 00:00:00',2020215119,2,8),('IX0313','S42','2022-07-19 00:00:00',2020215117,1,20),('IX9683','S21','2022-07-24 00:00:00',2020215117,2,6),('IZ8255','S22','2022-07-17 00:00:00',2020215117,2,6),('JA3211','S32','2022-07-28 00:00:00',2020215117,4,12),('JC0989','S92','2022-07-17 00:00:00',2020215119,4,2),('JF0814','S92','2022-07-22 00:00:00',2020215119,5,3),('JO4677','S92','2022-07-19 00:00:00',2020215119,2,9),('JT5332','S42','2022-07-24 00:00:00',2020215117,3,2),('JW3036','S82','2022-07-18 00:00:00',2020215119,1,14),('JX4088','S73','2022-07-17 00:00:00',2020215118,1,2),('KC1848','S42','2022-07-25 00:00:00',2020215117,1,19),('KE7581','S32','2022-07-27 00:00:00',2020215117,2,4),('KH5076','S73','2022-07-28 00:00:00',2020215118,2,2),('KK4992','S21','2022-07-22 00:00:00',2020215117,4,11),('KK6618','S13','2022-07-16 00:00:00',2020215117,1,11),('KL7444','S32','2022-07-18 00:00:00',2020215117,2,14),('KM7712','S71','2022-07-29 00:00:00',2020215118,5,6),('KQ5389','S61','2022-07-25 00:00:00',2020215118,3,10),('KS7267','S92','2022-07-16 00:00:00',2020215119,5,6),('KS7783','S21','2022-07-21 00:00:00',2020215117,3,2),('KX2538','S93','2022-07-20 00:00:00',2020215119,1,4),('KY9589','S72','2022-07-18 00:00:00',2020215118,1,2),('LB8017','S94','2022-07-16 00:00:00',2020215119,2,2),('LC5351','S32','2022-07-26 00:00:00',2020215117,2,18),('LD7665','S22','2022-07-27 00:00:00',2020215117,1,2),('LF1152','S12','2022-07-19 00:00:00',2020215117,2,3),('LH2825','S31','2022-07-21 00:00:00',2020215117,1,5),('LK3785','S81','2022-07-25 00:00:00',2020215119,4,15),('LK7534','S102','2022-07-26 00:00:00',2020215119,2,11),('LK8109','S81','2022-07-18 00:00:00',2020215119,1,8),('LL6486','S94','2022-07-17 00:00:00',2020215119,2,8),('LN5325','S21','2022-07-16 00:00:00',2020215117,3,12),('LQ3168','S71','2022-07-26 00:00:00',2020215118,3,8),('LR5509','S61','2022-07-26 00:00:00',2020215118,3,5),('LS4076','S21','2022-07-17 00:00:00',2020215117,1,17),('LW7895','S82','2022-07-23 00:00:00',2020215119,2,10),('LY9651','S21','2022-07-18 00:00:00',2020215117,2,1),('MA8274','S92','2022-07-17 00:00:00',2020215119,5,10),('MB6335','S22','2022-07-23 00:00:00',2020215117,2,5),('MD0373','S82','2022-07-23 00:00:00',2020215119,2,7),('ME2455','S11','2022-07-17 00:00:00',2020215117,1,7),('ME2841','S82','2022-07-18 00:00:00',2020215119,2,11),('MH6012','S92','2022-07-15 00:00:00',2020215119,3,4),('MJ6886','S94','2022-07-28 00:00:00',2020215119,2,5),('MM3671','S32','2022-07-24 00:00:00',2020215117,4,8),('MN8088','S21','2022-07-19 00:00:00',2020215117,2,12),('MT9538','S92','2022-07-23 00:00:00',2020215119,1,12),('MU1117','S32','2022-07-21 00:00:00',2020215117,4,18),('MX0190','S42','2022-07-27 00:00:00',2020215117,1,9),('MX8351','S21','2022-07-26 00:00:00',2020215117,1,9),('MY9157','S81','2022-07-28 00:00:00',2020215119,1,7),('NA2780','S71','2022-07-16 00:00:00',2020215118,2,2),('NC3988','S21','2022-07-17 00:00:00',2020215117,1,4),('NF6033','S92','2022-07-21 00:00:00',2020215119,2,6),('NF6342','S32','2022-07-20 00:00:00',2020215117,2,6),('NK6291','S31','2022-07-28 00:00:00',2020215117,2,2),('NQ1892','S13','2022-07-19 00:00:00',2020215117,1,3),('OB7621','S93','2022-07-20 00:00:00',2020215119,3,1),('OE1657','S21','2022-07-21 00:00:00',2020215117,3,6),('OJ6498','S93','2022-07-20 00:00:00',2020215119,5,1),('OJ8626','S21','2022-07-17 00:00:00',2020215117,3,14),('OK8198','S21','2022-07-25 00:00:00',2020215117,2,15),('ON3951','S82','2022-07-27 00:00:00',2020215119,4,15),('OO1640','S21','2022-07-23 00:00:00',2020215117,3,16),('OQ2143','S92','2022-07-17 00:00:00',2020215119,1,8),('OS1214','S62','2022-07-20 00:00:00',2020215118,4,7),('OW2363','S41','2022-07-27 00:00:00',2020215117,2,10),('OW4902','S81','2022-07-20 00:00:00',2020215119,2,15),('PA5620','S32','2022-07-24 00:00:00',2020215117,1,13),('PB7733','S21','2022-07-18 00:00:00',2020215117,3,9),('PC6707','S94','2022-07-27 00:00:00',2020215119,1,6),('PH4094','S11','2022-07-26 00:00:00',2020215117,1,2),('PJ2975','S32','2022-07-19 00:00:00',2020215117,1,18),('PK5391','S81','2022-07-29 00:00:00',2020215119,3,8),('PN2324','S73','2022-07-21 00:00:00',2020215118,1,8),('PO6071','S21','2022-07-17 00:00:00',2020215117,3,17),('PR3995','S32','2022-07-28 00:00:00',2020215117,2,3),('PS0483','S32','2022-07-20 00:00:00',2020215117,1,5),('PS2119','S21','2022-07-18 00:00:00',2020215117,4,16),('PW7137','S102','2022-07-24 00:00:00',2020215119,1,6),('PY7068','S93','2022-07-18 00:00:00',2020215119,3,5),('PZ2682','S51','2022-07-22 00:00:00',2020215118,3,12),('QC0705','S32','2022-07-18 00:00:00',2020215117,2,1),('QC2551','S51','2022-07-18 00:00:00',2020215118,1,6),('QH4679','S81','2022-07-19 00:00:00',2020215119,3,4),('QK6275','S71','2022-07-19 00:00:00',2020215118,2,1),('QK8898','S92','2022-07-26 00:00:00',2020215119,1,7),('QL1595','S33','2022-07-18 00:00:00',2020215117,1,4),('QM2640','S32','2022-07-15 00:00:00',2020215117,3,4),('QN2509','S21','2022-07-21 00:00:00',2020215117,1,14),('QN3410','S42','2022-07-26 00:00:00',2020215117,2,16),('QO8928','S71','2022-07-24 00:00:00',2020215118,1,1),('QR1790','S94','2022-07-18 00:00:00',2020215119,3,4),('QR9617','S42','2022-07-22 00:00:00',2020215117,1,3),('QU3945','S51','2022-07-27 00:00:00',2020215118,2,7),('QZ7315','S33','2022-07-24 00:00:00',2020215117,1,7),('RA9903','S72','2022-07-23 00:00:00',2020215118,3,3),('RC1423','S12','2022-07-25 00:00:00',2020215117,2,1),('RE7427','S13','2022-07-22 00:00:00',2020215117,2,12),('RH9720','S82','2022-07-23 00:00:00',2020215119,2,3),('RI8748','S42','2022-07-26 00:00:00',2020215117,3,3),('RK7915','S92','2022-07-22 00:00:00',2020215119,4,11),('RP3198','S13','2022-07-29 00:00:00',2020215117,1,12),('RQ4192','S92','2022-07-27 00:00:00',2020215119,1,6),('RT6482','S32','2022-07-20 00:00:00',2020215117,4,1),('RZ2217','S41','2022-07-15 00:00:00',2020215117,1,9),('SJ8733','S81','2022-07-18 00:00:00',2020215119,5,16),('SK8234','S61','2022-07-29 00:00:00',2020215118,2,12),('SN3958','S42','2022-07-29 00:00:00',2020215117,3,6),('SO1214','S71','2022-07-21 00:00:00',2020215118,1,3),('SP7955','S81','2022-07-29 00:00:00',2020215119,1,10),('SR3411','S13','2022-07-18 00:00:00',2020215117,1,10),('SR6378','S13','2022-07-26 00:00:00',2020215117,2,2),('ST0286','S13','2022-07-20 00:00:00',2020215117,2,8),('SW0511','S61','2022-07-20 00:00:00',2020215118,2,5),('SW8230','S82','2022-07-29 00:00:00',2020215119,4,7),('SY4865','S13','2022-07-20 00:00:00',2020215117,2,3),('SZ6245','S71','2022-07-21 00:00:00',2020215118,4,4),('TB9800','S61','2022-07-23 00:00:00',2020215118,2,2),('TF9034','S42','2022-07-15 00:00:00',2020215117,4,15),('TI3384','S62','2022-07-24 00:00:00',2020215118,3,1),('TO2340','S61','2022-07-17 00:00:00',2020215118,3,13),('TP0838','S61','2022-07-25 00:00:00',2020215118,3,4),('TR0955','S42','2022-07-26 00:00:00',2020215117,3,11),('TY7702','S82','2022-07-19 00:00:00',2020215119,3,7),('UB6356','S51','2022-07-19 00:00:00',2020215118,2,6),('UC0559','S42','2022-07-15 00:00:00',2020215117,2,19),('UG3027','S101','2022-07-17 00:00:00',2020215119,2,5),('UH1989','S61','2022-07-16 00:00:00',2020215118,1,13),('UL5905','S92','2022-07-25 00:00:00',2020215119,5,2),('UP2183','S94','2022-07-27 00:00:00',2020215119,1,8),('US1031','S41','2022-07-24 00:00:00',2020215117,2,2),('UU5079','S42','2022-07-21 00:00:00',2020215117,3,10),('UV4462','S51','2022-07-17 00:00:00',2020215118,1,9),('UV8394','S81','2022-07-28 00:00:00',2020215119,5,5),('UX8984','S21','2022-07-20 00:00:00',2020215117,4,10),('UY0289','S92','2022-07-26 00:00:00',2020215119,5,1),('VA1200','S21','2022-07-24 00:00:00',2020215117,3,15),('VB5560','S81','2022-07-28 00:00:00',2020215119,2,1),('VF4313','S42','2022-07-27 00:00:00',2020215117,2,14),('VG2952','S21','2022-07-29 00:00:00',2020215117,4,3),('VK3921','S61','2022-07-18 00:00:00',2020215118,3,11),('VQ2520','S32','2022-07-17 00:00:00',2020215117,2,9),('VR6630','S82','2022-07-26 00:00:00',2020215119,3,13),('VR9818','S21','2022-07-22 00:00:00',2020215117,2,13),('VU7881','S81','2022-07-17 00:00:00',2020215119,2,4),('VX1558','S72','2022-07-22 00:00:00',2020215118,4,5),('VX9769','S22','2022-07-27 00:00:00',2020215117,3,2),('VZ1476','S101','2022-07-22 00:00:00',2020215119,2,2),('WA5925','S42','2022-07-20 00:00:00',2020215117,2,17),('WA6176','S92','2022-07-21 00:00:00',2020215119,4,4),('WG5441','S22','2022-07-19 00:00:00',2020215117,1,5),('WI0126','S81','2022-07-29 00:00:00',2020215119,3,2),('WK6290','S81','2022-07-15 00:00:00',2020215119,3,7),('WK9295','S42','2022-07-20 00:00:00',2020215117,2,2),('WK9314','S42','2022-07-16 00:00:00',2020215117,1,6),('WP5444','S81','2022-07-21 00:00:00',2020215119,3,1),('WQ4279','S32','2022-07-27 00:00:00',2020215117,2,15),('WR1534','S93','2022-07-26 00:00:00',2020215119,2,4),('WS1551','S51','2022-07-27 00:00:00',2020215118,3,1),('WT7581','S82','2022-07-15 00:00:00',2020215119,4,3),('XF1817','S93','2022-07-17 00:00:00',2020215119,4,4),('XI6453','S41','2022-07-20 00:00:00',2020215117,2,9),('XN3585','S62','2022-07-23 00:00:00',2020215118,1,4),('XO1862','S31','2022-07-19 00:00:00',2020215117,2,1),('XO3649','S32','2022-07-16 00:00:00',2020215117,1,2),('XR8386','S71','2022-07-24 00:00:00',2020215118,2,8),('XV0935','S92','2022-07-21 00:00:00',2020215119,5,11),('XV9182','S42','2022-07-20 00:00:00',2020215117,3,14),('XX3337','S21','2022-07-17 00:00:00',2020215117,1,3),('XZ3188','S92','2022-07-18 00:00:00',2020215119,1,9),('YC8186','S81','2022-07-26 00:00:00',2020215119,5,2),('YC9135','S21','2022-07-25 00:00:00',2020215117,3,7),('YG4946','S71','2022-07-25 00:00:00',2020215118,3,10),('YI6708','S82','2022-07-15 00:00:00',2020215119,1,12),('YK0514','S61','2022-07-26 00:00:00',2020215118,4,4),('YN8227','S81','2022-07-26 00:00:00',2020215119,5,6),('YT7191','S32','2022-07-28 00:00:00',2020215117,4,9),('YU5527','S72','2022-07-23 00:00:00',2020215118,1,8),('ZC5680','S42','2022-07-18 00:00:00',2020215117,3,4),('ZD6667','S32','2022-07-26 00:00:00',2020215117,3,6),('ZJ8730','S32','2022-07-25 00:00:00',2020215117,1,12),('ZK2394','S92','2022-07-20 00:00:00',2020215119,2,12),('ZO3400','S32','2022-07-20 00:00:00',2020215117,2,16),('ZO6365','S41','2022-07-18 00:00:00',2020215117,2,5),('ZP9246','S21','2022-07-18 00:00:00',2020215117,2,5),('ZR9830','S32','2022-07-23 00:00:00',2020215117,1,16);
/*!40000 ALTER TABLE `storage` ENABLE KEYS */;
UNLOCK TABLES;

--
-- Table structure for table `temporary_work_record`
--

DROP TABLE IF EXISTS `temporary_work_record`;
/*!40101 SET @saved_cs_client     = @@character_set_client */;
/*!50503 SET character_set_client = utf8mb4 */;
CREATE TABLE `temporary_work_record` (
  `temporary_work_record_id` int NOT NULL,
  `worker_id` int unsigned NOT NULL,
  `warehouse_id` int NOT NULL,
  `dateStart` date NOT NULL,
  `dateEnd` date DEFAULT NULL,
  PRIMARY KEY (`temporary_work_record_id`)
) ENGINE=InnoDB DEFAULT CHARSET=utf8mb3;
/*!40101 SET character_set_client = @saved_cs_client */;

--
-- Dumping data for table `temporary_work_record`
--

LOCK TABLES `temporary_work_record` WRITE;
/*!40000 ALTER TABLE `temporary_work_record` DISABLE KEYS */;
INSERT INTO `temporary_work_record` VALUES (1,1,1,'2017-08-29','2018-02-28'),(2,1,1,'2018-03-01','2020-01-05'),(3,1,2,'2020-02-19','2022-07-04'),(4,2,1,'2020-01-11','2021-04-15'),(5,2,2,'2021-04-26',NULL),(6,3,2,'2020-01-14','2021-10-15'),(7,3,3,'2021-07-24','2022-01-19');
/*!40000 ALTER TABLE `temporary_work_record` ENABLE KEYS */;
UNLOCK TABLES;

--
-- Table structure for table `warehouse`
--

DROP TABLE IF EXISTS `warehouse`;
/*!40101 SET @saved_cs_client     = @@character_set_client */;
/*!50503 SET character_set_client = utf8mb4 */;
CREATE TABLE `warehouse` (
  `warehouse_id` int NOT NULL,
  `warehouse_area` float DEFAULT NULL,
  `warehouse_address` char(60) CHARACTER SET utf8 COLLATE utf8_general_ci DEFAULT NULL,
  `worker_id` int DEFAULT NULL COMMENT 'The ID of the warehouse supervisor.',
  `shelf_num` int DEFAULT NULL,
  `founder` int DEFAULT NULL,
  PRIMARY KEY (`warehouse_id`)
) ENGINE=InnoDB DEFAULT CHARSET=utf8mb3;
/*!40101 SET character_set_client = @saved_cs_client */;

--
-- Dumping data for table `warehouse`
--

LOCK TABLES `warehouse` WRITE;
/*!40000 ALTER TABLE `warehouse` DISABLE KEYS */;
INSERT INTO `warehouse` VALUES (1,71,'London',2020215117,3,NULL),(2,97,'',2020215117,2,NULL),(3,64,'',2020215117,3,NULL),(4,30,'',2020215117,2,NULL),(5,99,'',2020215118,2,NULL),(6,54,'',2020215118,2,NULL),(7,108,'',2020215118,3,NULL),(8,88,'',2020215119,3,NULL),(9,92,'',2020215119,4,NULL),(10,94,'',2020215119,2,NULL),(11,35,'',2020215120,4,NULL),(12,75,'',2020215120,3,NULL),(13,111,'',2020215120,2,NULL),(14,57,'',2020215121,3,NULL),(15,91,'',2020215121,2,NULL),(16,121,'',2020215121,3,NULL),(17,125,'',2020215122,4,NULL),(18,72,'',2020215122,3,NULL),(19,57,'',2020215122,2,NULL),(20,66,'',2020215122,3,NULL),(101,6666.77,'Beijing, China',NULL,NULL,NULL),(102,100,'',2020215117,9,NULL),(103,200,'',2020215117,NULL,NULL),(105,114.514,'',2020215117,NULL,NULL),(106,10000000,'',2020215118,NULL,NULL);
/*!40000 ALTER TABLE `warehouse` ENABLE KEYS */;
UNLOCK TABLES;

--
-- Table structure for table `worker`
--

DROP TABLE IF EXISTS `worker`;
/*!40101 SET @saved_cs_client     = @@character_set_client */;
/*!50503 SET character_set_client = utf8mb4 */;
CREATE TABLE `worker` (
  `worker_id` int NOT NULL,
  `worker_password` char(32) DEFAULT NULL,
  `worker_name` char(32) DEFAULT NULL,
  PRIMARY KEY (`worker_id`)
) ENGINE=InnoDB DEFAULT CHARSET=utf8mb3;
/*!40101 SET character_set_client = @saved_cs_client */;

--
-- Dumping data for table `worker`
--

LOCK TABLES `worker` WRITE;
/*!40000 ALTER TABLE `worker` DISABLE KEYS */;
INSERT INTO `worker` VALUES (1,'123456','kiana'),(2,'123456','admin'),(3,'123','kevin'),(4,'TruE54.8','Elysia'),(101,'KianaK423','Durandalaa'),(2020215117,'dj114133643','Dai_ji'),(2020215118,'7363248423','mc_zhuang'),(2020215119,'iltyforever_123','WEN_LONG'),(2020215120,'kaola_hahaha','Lu_haocheng'),(2020215121,'ABCDXXX_2022','YUE_KAI'),(2020215122,'yong_bu_yan_bai','Jia_Hui');
/*!40000 ALTER TABLE `worker` ENABLE KEYS */;
UNLOCK TABLES;

--
-- Dumping routines for database 'zuizhong'
--
/*!40103 SET TIME_ZONE=@OLD_TIME_ZONE */;

/*!40101 SET SQL_MODE=@OLD_SQL_MODE */;
/*!40014 SET FOREIGN_KEY_CHECKS=@OLD_FOREIGN_KEY_CHECKS */;
/*!40014 SET UNIQUE_CHECKS=@OLD_UNIQUE_CHECKS */;
/*!40101 SET CHARACTER_SET_CLIENT=@OLD_CHARACTER_SET_CLIENT */;
/*!40101 SET CHARACTER_SET_RESULTS=@OLD_CHARACTER_SET_RESULTS */;
/*!40101 SET COLLATION_CONNECTION=@OLD_COLLATION_CONNECTION */;
/*!40111 SET SQL_NOTES=@OLD_SQL_NOTES */;

-- Dump completed on 2023-03-02 19:40:07
